shift_type,severity,confidence_type,policy,target_coverage,threshold,achieved_coverage,selective_accuracy,selective_risk,no_abstention_accuracy,aurc,ece,n_samples
blur,1,calibrated,coverage_controlled,0.7,0.7036741020000001,0.6891,0.9245392540995502,0.07546074590044982,0.7942,0.057153707033096426,0.008296916009485749,10000
blur,1,calibrated,coverage_controlled,0.8,0.58294766,0.7919,0.8867281222376563,0.11327187776234371,0.7942,0.057153707033096426,0.008296916009485749,10000
blur,1,calibrated,coverage_controlled,0.9,0.46156433199999997,0.8989,0.8401379463789076,0.1598620536210924,0.7942,0.057153707033096426,0.008296916009485749,10000
blur,1,calibrated,coverage_controlled,0.95,0.3723626695000002,0.9518,0.8167682286194579,0.18323177138054214,0.7942,0.057153707033096426,0.008296916009485749,10000
blur,1,calibrated,fixed,0.9,0.46156433199999997,0.8989,0.8401379463789076,0.1598620536210924,0.7942,0.057153707033096426,0.008296916009485749,10000
blur,1,raw,coverage_controlled,0.7,0.7308243513107301,0.6893,0.9244160742782533,0.07558392572174666,0.7942,0.05707809972339979,0.019185940325260133,10000
blur,1,raw,coverage_controlled,0.8,0.6065357089042662,0.7916,0.8865588681152097,0.11344113188479032,0.7942,0.05707809972339979,0.019185940325260133,10000
blur,1,raw,coverage_controlled,0.9,0.4804529786109924,0.8979,0.84029401937855,0.15970598062145003,0.7942,0.05707809972339979,0.019185940325260133,10000
blur,1,raw,coverage_controlled,0.95,0.39040664434432987,0.9508,0.8171013883045856,0.18289861169541444,0.7942,0.05707809972339979,0.019185940325260133,10000
blur,1,raw,fixed,0.9,0.4804529786109924,0.8979,0.84029401937855,0.15970598062145003,0.7942,0.05707809972339979,0.019185940325260133,10000
blur,2,calibrated,coverage_controlled,0.7,0.7036741020000001,0.4947,0.851222963412169,0.14877703658783104,0.6392,0.15802825234875578,0.05267022062838076,10000
blur,2,calibrated,coverage_controlled,0.8,0.58294766,0.6472,0.7818294190358467,0.21817058096415332,0.6392,0.15802825234875578,0.05267022062838076,10000
blur,2,calibrated,coverage_controlled,0.9,0.46156433199999997,0.8123,0.7115597685584144,0.2884402314415856,0.6392,0.15802825234875578,0.05267022062838076,10000
blur,2,calibrated,coverage_controlled,0.95,0.3723626695000002,0.914,0.6698030634573304,0.3301969365426696,0.6392,0.15802825234875578,0.05267022062838076,10000
blur,2,calibrated,fixed,0.9,0.46156433199999997,0.8123,0.7115597685584144,0.2884402314415856,0.6392,0.15802825234875578,0.05267022062838076,10000
blur,2,raw,coverage_controlled,0.7,0.7308243513107301,0.4969,0.850875427651439,0.14912457234856102,0.6392,0.15772769153056732,0.07224825641959907,10000
blur,2,raw,coverage_controlled,0.8,0.6065357089042662,0.6492,0.7800369685767098,0.2199630314232902,0.6392,0.15772769153056732,0.07224825641959907,10000
blur,2,raw,coverage_controlled,0.9,0.4804529786109924,0.8151,0.710587657956079,0.28941234204392097,0.6392,0.15772769153056732,0.07224825641959907,10000
blur,2,raw,coverage_controlled,0.95,0.39040664434432987,0.9112,0.6716417910447762,0.32835820895522383,0.6392,0.15772769153056732,0.07224825641959907,10000
blur,2,raw,fixed,0.9,0.4804529786109924,0.8151,0.710587657956079,0.28941234204392097,0.6392,0.15772769153056732,0.07224825641959907,10000
blur,3,calibrated,coverage_controlled,0.7,0.7036741020000001,0.32,0.751875,0.24812500000000004,0.4797,0.3156735615099193,0.12281483597755431,10000
blur,3,calibrated,coverage_controlled,0.8,0.58294766,0.4881,0.6574472444171277,0.34255275558287235,0.4797,0.3156735615099193,0.12281483597755431,10000
blur,3,calibrated,coverage_controlled,0.9,0.46156433199999997,0.7116,0.5675941540191118,0.43240584598088816,0.4797,0.3156735615099193,0.12281483597755431,10000
blur,3,calibrated,coverage_controlled,0.95,0.3723626695000002,0.8599,0.5197115943714385,0.48028840562856145,0.4797,0.3156735615099193,0.12281483597755431,10000
blur,3,calibrated,fixed,0.9,0.46156433199999997,0.7116,0.5675941540191118,0.43240584598088816,0.4797,0.3156735615099193,0.12281483597755431,10000
blur,3,raw,coverage_controlled,0.7,0.7308243513107301,0.3251,0.7477699169486312,0.25223008305136885,0.4797,0.3157360739022207,0.1449891151443124,10000
blur,3,raw,coverage_controlled,0.8,0.6065357089042662,0.4908,0.6556642216788916,0.3443357783211084,0.4797,0.3157360739022207,0.1449891151443124,10000
blur,3,raw,coverage_controlled,0.9,0.4804529786109924,0.7152,0.5666946308724832,0.4333053691275168,0.4797,0.3157360739022207,0.1449891151443124,10000
blur,3,raw,coverage_controlled,0.95,0.39040664434432987,0.8589,0.5200838281522878,0.4799161718477122,0.4797,0.3157360739022207,0.1449891151443124,10000
blur,3,raw,fixed,0.9,0.4804529786109924,0.7152,0.5666946308724832,0.4333053691275168,0.4797,0.3157360739022207,0.1449891151443124,10000
blur,4,calibrated,coverage_controlled,0.7,0.7036741020000001,0.2399,0.5531471446436015,0.4468528553563985,0.3341,0.5136837013710585,0.21976582982689144,10000
blur,4,calibrated,coverage_controlled,0.8,0.58294766,0.4071,0.47383935151068535,0.5261606484893147,0.3341,0.5136837013710585,0.21976582982689144,10000
blur,4,calibrated,coverage_controlled,0.9,0.46156433199999997,0.6201,0.41332043218835673,0.5866795678116432,0.3341,0.5136837013710585,0.21976582982689144,10000
blur,4,calibrated,coverage_controlled,0.95,0.3723626695000002,0.7958,0.3713244533802463,0.6286755466197538,0.3341,0.5136837013710585,0.21976582982689144,10000
blur,4,calibrated,fixed,0.9,0.46156433199999997,0.6201,0.41332043218835673,0.5866795678116432,0.3341,0.5136837013710585,0.21976582982689144,10000
blur,4,raw,coverage_controlled,0.7,0.7308243513107301,0.2487,0.5472456775231203,0.45275432247687974,0.3341,0.5146519374944883,0.243975765901804,10000
blur,4,raw,coverage_controlled,0.8,0.6065357089042662,0.417,0.46882494004796166,0.5311750599520384,0.3341,0.5146519374944883,0.243975765901804,10000
blur,4,raw,coverage_controlled,0.9,0.4804529786109924,0.6289,0.4100810939736047,0.5899189060263953,0.3341,0.5146519374944883,0.243975765901804,10000
blur,4,raw,coverage_controlled,0.95,0.39040664434432987,0.7971,0.37096976539957344,0.6290302346004266,0.3341,0.5146519374944883,0.243975765901804,10000
blur,4,raw,fixed,0.9,0.4804529786109924,0.6289,0.4100810939736047,0.5899189060263953,0.3341,0.5146519374944883,0.243975765901804,10000
brightness,1,calibrated,coverage_controlled,0.7,0.7036741020000001,0.7033,0.9121285368974833,0.0878714631025167,0.7876,0.06068652538953802,0.018271246038377292,10000
brightness,1,calibrated,coverage_controlled,0.8,0.58294766,0.7981,0.8788372384412981,0.12116276155870187,0.7876,0.06068652538953802,0.018271246038377292,10000
brightness,1,calibrated,coverage_controlled,0.9,0.46156433199999997,0.8974,0.8380878092266548,0.16191219077334518,0.7876,0.06068652538953802,0.018271246038377292,10000
brightness,1,calibrated,coverage_controlled,0.95,0.3723626695000002,0.9516,0.8123160992013451,0.18768390079865493,0.7876,0.06068652538953802,0.018271246038377292,10000
brightness,1,calibrated,fixed,0.9,0.46156433199999997,0.8974,0.8380878092266548,0.16191219077334518,0.7876,0.06068652538953802,0.018271246038377292,10000
brightness,1,raw,coverage_controlled,0.7,0.7308243513107301,0.7043,0.9119693312508874,0.08803066874911258,0.7876,0.06064544997886745,0.032264425899088386,10000
brightness,1,raw,coverage_controlled,0.8,0.6065357089042662,0.7975,0.8787460815047022,0.12125391849529776,0.7876,0.06064544997886745,0.032264425899088386,10000
brightness,1,raw,coverage_controlled,0.9,0.4804529786109924,0.8975,0.8376601671309192,0.16233983286908082,0.7876,0.06064544997886745,0.032264425899088386,10000
brightness,1,raw,coverage_controlled,0.95,0.39040664434432987,0.9506,0.812960235640648,0.187039764359352,0.7876,0.06064544997886745,0.032264425899088386,10000
brightness,1,raw,fixed,0.9,0.4804529786109924,0.8975,0.8376601671309192,0.16233983286908082,0.7876,0.06064544997886745,0.032264425899088386,10000
brightness,2,calibrated,coverage_controlled,0.7,0.7036741020000001,0.6792,0.894434628975265,0.10556537102473496,0.7646,0.0751540078796244,0.028093781296908857,10000
brightness,2,calibrated,coverage_controlled,0.8,0.58294766,0.782,0.859079283887468,0.14092071611253199,0.7646,0.0751540078796244,0.028093781296908857,10000
brightness,2,calibrated,coverage_controlled,0.9,0.46156433199999997,0.8856,0.8179765130984643,0.1820234869015357,0.7646,0.0751540078796244,0.028093781296908857,10000
brightness,2,calibrated,coverage_controlled,0.95,0.3723626695000002,0.9445,0.7919534145050291,0.2080465854949709,0.7646,0.0751540078796244,0.028093781296908857,10000
brightness,2,calibrated,fixed,0.9,0.46156433199999997,0.8856,0.8179765130984643,0.1820234869015357,0.7646,0.0751540078796244,0.028093781296908857,10000
brightness,2,raw,coverage_controlled,0.7,0.7308243513107301,0.6807,0.8937858087263112,0.10621419127368881,0.7646,0.07514904048139524,0.042394802790880225,10000
brightness,2,raw,coverage_controlled,0.8,0.6065357089042662,0.7819,0.8603401969561325,0.1396598030438675,0.7646,0.07514904048139524,0.042394802790880225,10000
brightness,2,raw,coverage_controlled,0.9,0.4804529786109924,0.886,0.8177200902934537,0.18227990970654628,0.7646,0.07514904048139524,0.042394802790880225,10000
brightness,2,raw,coverage_controlled,0.95,0.39040664434432987,0.9431,0.7927049093415333,0.20729509065846674,0.7646,0.07514904048139524,0.042394802790880225,10000
brightness,2,raw,fixed,0.9,0.4804529786109924,0.886,0.8177200902934537,0.18227990970654628,0.7646,0.07514904048139524,0.042394802790880225,10000
brightness,3,calibrated,coverage_controlled,0.7,0.7036741020000001,0.643,0.8712286158631415,0.1287713841368585,0.7334,0.09808245564053662,0.041540945647656924,10000
brightness,3,calibrated,coverage_controlled,0.8,0.58294766,0.7539,0.8314100013264358,0.16858999867356417,0.7334,0.09808245564053662,0.041540945647656924,10000
brightness,3,calibrated,coverage_controlled,0.9,0.46156433199999997,0.8631,0.7911018421967327,0.20889815780326726,0.7334,0.09808245564053662,0.041540945647656924,10000
brightness,3,calibrated,coverage_controlled,0.95,0.3723626695000002,0.9329,0.762461142673384,0.23753885732661595,0.7334,0.09808245564053662,0.041540945647656924,10000
brightness,3,calibrated,fixed,0.9,0.46156433199999997,0.8631,0.7911018421967327,0.20889815780326726,0.7334,0.09808245564053662,0.041540945647656924,10000
brightness,3,raw,coverage_controlled,0.7,0.7308243513107301,0.6454,0.8700030988534242,0.1299969011465758,0.7334,0.09814087906932886,0.05518360846936699,10000
brightness,3,raw,coverage_controlled,0.8,0.6065357089042662,0.7543,0.8314994034203897,0.16850059657961025,0.7334,0.09814087906932886,0.05518360846936699,10000
brightness,3,raw,coverage_controlled,0.9,0.4804529786109924,0.8649,0.7899179095849231,0.21008209041507686,0.7334,0.09814087906932886,0.05518360846936699,10000
brightness,3,raw,coverage_controlled,0.95,0.39040664434432987,0.9318,0.7630392788151964,0.2369607211848036,0.7334,0.09814087906932886,0.05518360846936699,10000
brightness,3,raw,fixed,0.9,0.4804529786109924,0.8649,0.7899179095849231,0.21008209041507686,0.7334,0.09814087906932886,0.05518360846936699,10000
brightness,4,calibrated,coverage_controlled,0.7,0.7036741020000001,0.6038,0.8451473998012587,0.15485260019874125,0.6911,0.12797329765194185,0.05760787728726865,10000
brightness,4,calibrated,coverage_controlled,0.8,0.58294766,0.7163,0.8002233700963284,0.19977662990367162,0.6911,0.12797329765194185,0.05760787728726865,10000
brightness,4,calibrated,coverage_controlled,0.9,0.46156433199999997,0.839,0.7556615017878426,0.24433849821215736,0.6911,0.12797329765194185,0.05760787728726865,10000
brightness,4,calibrated,coverage_controlled,0.95,0.3723626695000002,0.9151,0.7282264233417113,0.2717735766582887,0.6911,0.12797329765194185,0.05760787728726865,10000
brightness,4,calibrated,fixed,0.9,0.46156433199999997,0.839,0.7556615017878426,0.24433849821215736,0.6911,0.12797329765194185,0.05760787728726865,10000
brightness,4,raw,coverage_controlled,0.7,0.7308243513107301,0.606,0.8447194719471948,0.15528052805280523,0.6911,0.12812548435953863,0.07391579169332987,10000
brightness,4,raw,coverage_controlled,0.8,0.6065357089042662,0.7195,0.7990271021542737,0.20097289784572625,0.6911,0.12812548435953863,0.07391579169332987,10000
brightness,4,raw,coverage_controlled,0.9,0.4804529786109924,0.8407,0.7554418936600452,0.24455810633995478,0.6911,0.12812548435953863,0.07391579169332987,10000
brightness,4,raw,coverage_controlled,0.95,0.39040664434432987,0.9143,0.7287542382150279,0.27124576178497206,0.6911,0.12812548435953863,0.07391579169332987,10000
brightness,4,raw,fixed,0.9,0.4804529786109924,0.8407,0.7554418936600452,0.24455810633995478,0.6911,0.12812548435953863,0.07391579169332987,10000
clean,0,calibrated,coverage_controlled,0.7,0.7036741020000001,0.7059,0.9218019549511263,0.07819804504887373,0.7997,0.054558778208460446,0.010133905392885261,10000
clean,0,calibrated,coverage_controlled,0.8,0.58294766,0.8024,0.8895812562313061,0.11041874376869387,0.7997,0.054558778208460446,0.010133905392885261,10000
clean,0,calibrated,coverage_controlled,0.9,0.46156433199999997,0.901,0.84661487236404,0.15338512763596002,0.7997,0.054558778208460446,0.010133905392885261,10000
clean,0,calibrated,coverage_controlled,0.95,0.3723626695000002,0.9538,0.8228140071293772,0.17718599287062275,0.7997,0.054558778208460446,0.010133905392885261,10000
clean,0,calibrated,fixed,0.9,0.46156433199999997,0.901,0.84661487236404,0.15338512763596002,0.7997,0.054558778208460446,0.010133905392885261,10000
clean,0,raw,coverage_controlled,0.7,0.7308243513107301,0.7071,0.9216518172818554,0.07834818271814459,0.7997,0.05451547548440095,0.020385207188129424,10000
clean,0,raw,coverage_controlled,0.8,0.6065357089042662,0.8036,0.888252862120458,0.11174713787954205,0.7997,0.05451547548440095,0.020385207188129424,10000
clean,0,raw,coverage_controlled,0.9,0.4804529786109924,0.9002,0.8469229060208843,0.15307709397911573,0.7997,0.05451547548440095,0.020385207188129424,10000
clean,0,raw,coverage_controlled,0.95,0.39040664434432987,0.9524,0.8237085258294834,0.1762914741705166,0.7997,0.05451547548440095,0.020385207188129424,10000
clean,0,raw,fixed,0.9,0.4804529786109924,0.9002,0.8469229060208843,0.15307709397911573,0.7997,0.05451547548440095,0.020385207188129424,10000
noise,1,calibrated,coverage_controlled,0.7,0.7036741020000001,0.6747,0.9113680154142582,0.08863198458574184,0.7786,0.06710220215756853,0.0132665347352624,10000
noise,1,calibrated,coverage_controlled,0.8,0.58294766,0.7799,0.8703679958969098,0.12963200410309017,0.7786,0.06710220215756853,0.0132665347352624,10000
noise,1,calibrated,coverage_controlled,0.9,0.46156433199999997,0.8886,0.8314202115687599,0.1685797884312401,0.7786,0.06710220215756853,0.0132665347352624,10000
noise,1,calibrated,coverage_controlled,0.95,0.3723626695000002,0.9491,0.8040248656622063,0.19597513433779368,0.7786,0.06710220215756853,0.0132665347352624,10000
noise,1,calibrated,fixed,0.9,0.46156433199999997,0.8886,0.8314202115687599,0.1685797884312401,0.7786,0.06710220215756853,0.0132665347352624,10000
noise,1,raw,coverage_controlled,0.7,0.7308243513107301,0.676,0.9112426035502958,0.08875739644970415,0.7786,0.06707932077952876,0.025605754797160582,10000
noise,1,raw,coverage_controlled,0.8,0.6065357089042662,0.7803,0.8700499807766243,0.12995001922337568,0.7786,0.06707932077952876,0.025605754797160582,10000
noise,1,raw,coverage_controlled,0.9,0.4804529786109924,0.8891,0.8300528624451693,0.1699471375548307,0.7786,0.06707932077952876,0.025605754797160582,10000
noise,1,raw,coverage_controlled,0.95,0.39040664434432987,0.9472,0.8053209459459459,0.19467905405405406,0.7786,0.06707932077952876,0.025605754797160582,10000
noise,1,raw,fixed,0.9,0.4804529786109924,0.8891,0.8300528624451693,0.1699471375548307,0.7786,0.06707932077952876,0.025605754797160582,10000
noise,2,calibrated,coverage_controlled,0.7,0.7036741020000001,0.5984,0.7809157754010695,0.2190842245989305,0.6362,0.17382002341811392,0.1105496299445629,10000
noise,2,calibrated,coverage_controlled,0.8,0.58294766,0.7207,0.7370611905092271,0.26293880949077286,0.6362,0.17382002341811392,0.1105496299445629,10000
noise,2,calibrated,coverage_controlled,0.9,0.46156433199999997,0.8591,0.6853684087999069,0.3146315912000931,0.6362,0.17382002341811392,0.1105496299445629,10000
noise,2,calibrated,coverage_controlled,0.95,0.3723626695000002,0.9397,0.6561668617643929,0.3438331382356071,0.6362,0.17382002341811392,0.1105496299445629,10000
noise,2,calibrated,fixed,0.9,0.46156433199999997,0.8591,0.6853684087999069,0.3146315912000931,0.6362,0.17382002341811392,0.1105496299445629,10000
noise,2,raw,coverage_controlled,0.7,0.7308243513107301,0.601,0.7800332778702163,0.21996672212978374,0.6362,0.17398228055598391,0.12782352027297023,10000
noise,2,raw,coverage_controlled,0.8,0.6065357089042662,0.7227,0.7362667773626678,0.26373322263733223,0.6362,0.17398228055598391,0.12782352027297023,10000
noise,2,raw,coverage_controlled,0.9,0.4804529786109924,0.8591,0.6851356070306134,0.3148643929693866,0.6362,0.17398228055598391,0.12782352027297023,10000
noise,2,raw,coverage_controlled,0.95,0.39040664434432987,0.9374,0.6570300832088756,0.34296991679112443,0.6362,0.17398228055598391,0.12782352027297023,10000
noise,2,raw,fixed,0.9,0.4804529786109924,0.8591,0.6851356070306134,0.3148643929693866,0.6362,0.17398228055598391,0.12782352027297023,10000
noise,3,calibrated,coverage_controlled,0.7,0.7036741020000001,0.573,0.5509598603839442,0.4490401396160558,0.455,0.37187281151166496,0.2785167440921068,10000
noise,3,calibrated,coverage_controlled,0.8,0.58294766,0.7075,0.5151943462897527,0.4848056537102473,0.455,0.37187281151166496,0.2785167440921068,10000
noise,3,calibrated,coverage_controlled,0.9,0.46156433199999997,0.857,0.4830805134189031,0.5169194865810969,0.455,0.37187281151166496,0.2785167440921068,10000
noise,3,calibrated,coverage_controlled,0.95,0.3723626695000002,0.9394,0.46870342771982115,0.5312965722801788,0.455,0.37187281151166496,0.2785167440921068,10000
noise,3,calibrated,fixed,0.9,0.46156433199999997,0.857,0.4830805134189031,0.5169194865810969,0.455,0.37187281151166496,0.2785167440921068,10000
noise,3,raw,coverage_controlled,0.7,0.7308243513107301,0.5751,0.5508607198748043,0.44913928012519566,0.455,0.37209595423019254,0.2966044533014297,10000
noise,3,raw,coverage_controlled,0.8,0.6065357089042662,0.7069,0.5146413919932098,0.4853586080067902,0.455,0.37209595423019254,0.2966044533014297,10000
noise,3,raw,coverage_controlled,0.9,0.4804529786109924,0.8568,0.4831932773109244,0.5168067226890756,0.455,0.37209595423019254,0.2966044533014297,10000
noise,3,raw,coverage_controlled,0.95,0.39040664434432987,0.9364,0.46935070482699703,0.530649295173003,0.455,0.37209595423019254,0.2966044533014297,10000
noise,3,raw,fixed,0.9,0.4804529786109924,0.8568,0.4831932773109244,0.5168067226890756,0.455,0.37209595423019254,0.2966044533014297,10000
noise,4,calibrated,coverage_controlled,0.7,0.7036741020000001,0.6114,0.31877657834478246,0.6812234216552175,0.2913,0.5737446637254203,0.4600795823261141,10000
noise,4,calibrated,coverage_controlled,0.8,0.58294766,0.7368,0.30659609120521175,0.6934039087947883,0.2913,0.5737446637254203,0.4600795823261141,10000
noise,4,calibrated,coverage_controlled,0.9,0.46156433199999997,0.866,0.29896073903002307,0.7010392609699769,0.2913,0.5737446637254203,0.4600795823261141,10000
noise,4,calibrated,coverage_controlled,0.95,0.3723626695000002,0.9408,0.29389880952380953,0.7061011904761905,0.2913,0.5737446637254203,0.4600795823261141,10000
noise,4,calibrated,fixed,0.9,0.46156433199999997,0.866,0.29896073903002307,0.7010392609699769,0.2913,0.5737446637254203,0.4600795823261141,10000
noise,4,raw,coverage_controlled,0.7,0.7308243513107301,0.6155,0.31681559707554835,0.6831844029244516,0.2913,0.5740677259279489,0.47872995467185975,10000
noise,4,raw,coverage_controlled,0.8,0.6065357089042662,0.7414,0.30631238198003774,0.6936876180199623,0.2913,0.5740677259279489,0.47872995467185975,10000
noise,4,raw,coverage_controlled,0.9,0.4804529786109924,0.8676,0.2987551867219917,0.7012448132780082,0.2913,0.5740677259279489,0.47872995467185975,10000
noise,4,raw,coverage_controlled,0.95,0.39040664434432987,0.9396,0.2940613026819923,0.7059386973180077,0.2913,0.5740677259279489,0.47872995467185975,10000
noise,4,raw,fixed,0.9,0.4804529786109924,0.8676,0.2987551867219917,0.7012448132780082,0.2913,0.5740677259279489,0.47872995467185975,10000
rotation,1,calibrated,coverage_controlled,0.7,0.7036741020000001,0.6056,0.9050528401585205,0.0949471598414795,0.744,0.08458319647630748,0.008512941649556146,10000
rotation,1,calibrated,coverage_controlled,0.8,0.58294766,0.7359,0.8566381301807311,0.1433618698192689,0.744,0.08458319647630748,0.008512941649556146,10000
rotation,1,calibrated,coverage_controlled,0.9,0.46156433199999997,0.8623,0.8042444624840542,0.19575553751594577,0.744,0.08458319647630748,0.008512941649556146,10000
rotation,1,calibrated,coverage_controlled,0.95,0.3723626695000002,0.9387,0.7728773836156386,0.22712261638436138,0.744,0.08458319647630748,0.008512941649556146,10000
rotation,1,calibrated,fixed,0.9,0.46156433199999997,0.8623,0.8042444624840542,0.19575553751594577,0.744,0.08458319647630748,0.008512941649556146,10000
rotation,1,raw,coverage_controlled,0.7,0.7308243513107301,0.6091,0.9047775406337218,0.09522245936627816,0.744,0.0844424312719265,0.024372233594954027,10000
rotation,1,raw,coverage_controlled,0.8,0.6065357089042662,0.7373,0.8570459785704598,0.14295402142954017,0.744,0.0844424312719265,0.024372233594954027,10000
rotation,1,raw,coverage_controlled,0.9,0.4804529786109924,0.8629,0.8046123536910418,0.19538764630895822,0.744,0.0844424312719265,0.024372233594954027,10000
rotation,1,raw,coverage_controlled,0.95,0.39040664434432987,0.9377,0.7733816785752373,0.22661832142476268,0.744,0.0844424312719265,0.024372233594954027,10000
rotation,1,raw,fixed,0.9,0.4804529786109924,0.8629,0.8046123536910418,0.19538764630895822,0.744,0.0844424312719265,0.024372233594954027,10000
rotation,2,calibrated,coverage_controlled,0.7,0.7036741020000001,0.5292,0.9024943310657596,0.0975056689342404,0.7059,0.10811053053871691,0.009858557268977178,10000
rotation,2,calibrated,coverage_controlled,0.8,0.58294766,0.6602,0.8455013632232656,0.15449863677673437,0.7059,0.10811053053871691,0.009858557268977178,10000
rotation,2,calibrated,coverage_controlled,0.9,0.46156433199999997,0.8148,0.7857142857142857,0.2142857142857143,0.7059,0.10811053053871691,0.009858557268977178,10000
rotation,2,calibrated,coverage_controlled,0.95,0.3723626695000002,0.9076,0.747135301895108,0.252864698104892,0.7059,0.10811053053871691,0.009858557268977178,10000
rotation,2,calibrated,fixed,0.9,0.46156433199999997,0.8148,0.7857142857142857,0.2142857142857143,0.7059,0.10811053053871691,0.009858557268977178,10000
rotation,2,raw,coverage_controlled,0.7,0.7308243513107301,0.5308,0.9024114544084401,0.09758854559155994,0.7059,0.10793154456468294,0.019403916011750698,10000
rotation,2,raw,coverage_controlled,0.8,0.6065357089042662,0.6638,0.8443808376016873,0.15561916239831275,0.7059,0.10793154456468294,0.019403916011750698,10000
rotation,2,raw,coverage_controlled,0.9,0.4804529786109924,0.8156,0.7854340362923001,0.21456596370769987,0.7059,0.10793154456468294,0.019403916011750698,10000
rotation,2,raw,coverage_controlled,0.95,0.39040664434432987,0.9059,0.7482062037752512,0.25179379622474884,0.7059,0.10793154456468294,0.019403916011750698,10000
rotation,2,raw,fixed,0.9,0.4804529786109924,0.8156,0.7854340362923001,0.21456596370769987,0.7059,0.10793154456468294,0.019403916011750698,10000
rotation,3,calibrated,coverage_controlled,0.7,0.7036741020000001,0.3742,0.8372528059861037,0.16274719401389626,0.5739,0.21494570053811643,0.04536678319275379,10000
rotation,3,calibrated,coverage_controlled,0.8,0.58294766,0.5188,0.7671549730146492,0.2328450269853508,0.5739,0.21494570053811643,0.04536678319275379,10000
rotation,3,calibrated,coverage_controlled,0.9,0.46156433199999997,0.6897,0.6907351022183558,0.30926489778164423,0.5739,0.21494570053811643,0.04536678319275379,10000
rotation,3,calibrated,coverage_controlled,0.95,0.3723626695000002,0.8319,0.6345714629162159,0.3654285370837841,0.5739,0.21494570053811643,0.04536678319275379,10000
rotation,3,calibrated,fixed,0.9,0.46156433199999997,0.6897,0.6907351022183558,0.30926489778164423,0.5739,0.21494570053811643,0.04536678319275379,10000
rotation,3,raw,coverage_controlled,0.7,0.7308243513107301,0.3791,0.8359271959905038,0.1640728040094962,0.5739,0.21459164775159276,0.06640558630526068,10000
rotation,3,raw,coverage_controlled,0.8,0.6065357089042662,0.5225,0.7663157894736842,0.23368421052631583,0.5739,0.21459164775159276,0.06640558630526068,10000
rotation,3,raw,coverage_controlled,0.9,0.4804529786109924,0.6945,0.6892728581713463,0.3107271418286537,0.5739,0.21459164775159276,0.06640558630526068,10000
rotation,3,raw,coverage_controlled,0.95,0.39040664434432987,0.8303,0.6350716608454775,0.3649283391545225,0.5739,0.21459164775159276,0.06640558630526068,10000
rotation,3,raw,fixed,0.9,0.4804529786109924,0.6945,0.6892728581713463,0.3107271418286537,0.5739,0.21459164775159276,0.06640558630526068,10000
rotation,4,calibrated,coverage_controlled,0.7,0.7036741020000001,0.2865,0.5054101221640489,0.4945898778359511,0.3006,0.5289362082313014,0.27280208311080933,10000
rotation,4,calibrated,coverage_controlled,0.8,0.58294766,0.4375,0.4406857142857143,0.5593142857142857,0.3006,0.5289362082313014,0.27280208311080933,10000
rotation,4,calibrated,coverage_controlled,0.9,0.46156433199999997,0.6333,0.3822832780672667,0.6177167219327333,0.3006,0.5289362082313014,0.27280208311080933,10000
rotation,4,calibrated,coverage_controlled,0.95,0.3723626695000002,0.7942,0.34147569881641904,0.658524301183581,0.3006,0.5289362082313014,0.27280208311080933,10000
rotation,4,calibrated,fixed,0.9,0.46156433199999997,0.6333,0.3822832780672667,0.6177167219327333,0.3006,0.5289362082313014,0.27280208311080933,10000
rotation,4,raw,coverage_controlled,0.7,0.7308243513107301,0.2922,0.5034223134839151,0.4965776865160849,0.3006,0.5298816395925883,0.2944927756652236,10000
rotation,4,raw,coverage_controlled,0.8,0.6065357089042662,0.4464,0.4359318996415771,0.5640681003584229,0.3006,0.5298816395925883,0.2944927756652236,10000
rotation,4,raw,coverage_controlled,0.9,0.4804529786109924,0.6384,0.3807957393483709,0.619204260651629,0.3006,0.5298816395925883,0.2944927756652236,10000
rotation,4,raw,coverage_controlled,0.95,0.39040664434432987,0.7943,0.34155860506106006,0.6584413949389399,0.3006,0.5298816395925883,0.2944927756652236,10000
rotation,4,raw,fixed,0.9,0.4804529786109924,0.6384,0.3807957393483709,0.619204260651629,0.3006,0.5298816395925883,0.2944927756652236,10000
