epoch,train_loss,train_acc,calib_loss,calib_acc
1,1.5330774650997585,0.4392888888888889,1.2739563184738159,0.5404
2,1.182700471962823,0.5756222222222223,0.9714428647994995,0.6464
3,1.042916789786021,0.6292444444444445,0.9349850764274598,0.6696
4,0.9686287424087524,0.6588666666666667,0.8200820182800292,0.7076
5,0.9134497083875868,0.6770222222222222,0.7757906553268432,0.7244
6,0.8778948769887288,0.6934222222222223,0.7333986517906189,0.741
7,0.8441888430807326,0.7030222222222222,0.7432504885673523,0.7352
8,0.8087940250290765,0.7173111111111111,0.7540831512451172,0.7372
9,0.780698725912306,0.7283333333333334,0.7405108883857727,0.7428
10,0.7598642851193745,0.7340222222222222,0.6366909582138062,0.7748
11,0.7361261799918281,0.7439555555555556,0.7286783909797668,0.7442
12,0.7101256862958273,0.7514888888888889,0.6257111386299133,0.7818
13,0.7029230192820232,0.7548222222222222,0.6315056678771973,0.7774
14,0.6826231068929036,0.7634,0.6163429666519165,0.788
15,0.6663746517499288,0.7669777777777778,0.5839093152999878,0.7962
16,0.652816183174981,0.7736888888888889,0.5904767580032348,0.796
17,0.63714385310279,0.7761333333333333,0.5962644888877868,0.7892
18,0.6309435680283441,0.7809777777777778,0.581317104959488,0.7966
19,0.6190666398896112,0.7857777777777778,0.5691482989311218,0.7968
20,0.6026425847795275,0.7899333333333334,0.5561037800788879,0.8032
