,,aurc,aurc,ece,ece,no_abstention_accuracy,no_abstention_accuracy
confidence_type,,calibrated,raw,calibrated,raw,calibrated,raw
shift_type,severity,,,,,,
blur,1,0.0659,0.065,0.2727,0.2297,0.6825,0.6825
blur,2,0.1216,0.1193,0.2793,0.2599,0.5725,0.5725
blur,3,0.1899,0.1888,0.2999,0.2687,0.4688,0.4688
blur,4,0.3173,0.3155,0.2647,0.282,0.3362,0.3362
brightness,1,0.0728,0.0709,0.2808,0.2267,0.67,0.67
brightness,2,0.1197,0.1185,0.2879,0.2727,0.5725,0.5725
brightness,3,0.1935,0.1916,0.3055,0.2802,0.465,0.465
brightness,4,0.3329,0.3283,0.2378,0.2604,0.3312,0.3312
clean,0,0.0349,0.034,0.2369,0.1689,0.7837,0.7837
noise,1,0.0652,0.0648,0.2615,0.2198,0.69,0.69
noise,2,0.1205,0.1171,0.2869,0.2724,0.5738,0.5738
noise,3,0.2033,0.1993,0.2932,0.2789,0.4588,0.4588
noise,4,0.3196,0.3172,0.2553,0.296,0.3325,0.3325
rotation,1,0.0603,0.0597,0.2549,0.2214,0.7038,0.7038
rotation,2,0.1179,0.1159,0.2745,0.2638,0.58,0.58
rotation,3,0.1952,0.1907,0.3003,0.2873,0.4688,0.4688
rotation,4,0.2852,0.2825,0.247,0.2731,0.3688,0.3688
