shift_type,severity,confidence_type,target_coverage,achieved_coverage,selective_accuracy,selective_risk
blur,1,calibrated,0.7,0.6891,0.9245,0.0755
blur,1,calibrated,0.8,0.7919,0.8867,0.1133
blur,1,calibrated,0.9,0.8989,0.8401,0.1599
blur,1,calibrated,0.95,0.9518,0.8168,0.1832
blur,1,raw,0.7,0.6893,0.9244,0.0756
blur,1,raw,0.8,0.7916,0.8866,0.1134
blur,1,raw,0.9,0.8979,0.8403,0.1597
blur,1,raw,0.95,0.9508,0.8171,0.1829
blur,2,calibrated,0.7,0.4947,0.8512,0.1488
blur,2,calibrated,0.8,0.6472,0.7818,0.2182
blur,2,calibrated,0.9,0.8123,0.7116,0.2884
blur,2,calibrated,0.95,0.914,0.6698,0.3302
blur,2,raw,0.7,0.4969,0.8509,0.1491
blur,2,raw,0.8,0.6492,0.78,0.22
blur,2,raw,0.9,0.8151,0.7106,0.2894
blur,2,raw,0.95,0.9112,0.6716,0.3284
blur,3,calibrated,0.7,0.32,0.7519,0.2481
blur,3,calibrated,0.8,0.4881,0.6574,0.3426
blur,3,calibrated,0.9,0.7116,0.5676,0.4324
blur,3,calibrated,0.95,0.8599,0.5197,0.4803
blur,3,raw,0.7,0.3251,0.7478,0.2522
blur,3,raw,0.8,0.4908,0.6557,0.3443
blur,3,raw,0.9,0.7152,0.5667,0.4333
blur,3,raw,0.95,0.8589,0.5201,0.4799
blur,4,calibrated,0.7,0.2399,0.5531,0.4469
blur,4,calibrated,0.8,0.4071,0.4738,0.5262
blur,4,calibrated,0.9,0.6201,0.4133,0.5867
blur,4,calibrated,0.95,0.7958,0.3713,0.6287
blur,4,raw,0.7,0.2487,0.5472,0.4528
blur,4,raw,0.8,0.417,0.4688,0.5312
blur,4,raw,0.9,0.6289,0.4101,0.5899
blur,4,raw,0.95,0.7971,0.371,0.629
brightness,1,calibrated,0.7,0.7033,0.9121,0.0879
brightness,1,calibrated,0.8,0.7981,0.8788,0.1212
brightness,1,calibrated,0.9,0.8974,0.8381,0.1619
brightness,1,calibrated,0.95,0.9516,0.8123,0.1877
brightness,1,raw,0.7,0.7043,0.912,0.088
brightness,1,raw,0.8,0.7975,0.8787,0.1213
brightness,1,raw,0.9,0.8975,0.8377,0.1623
brightness,1,raw,0.95,0.9506,0.813,0.187
brightness,2,calibrated,0.7,0.6792,0.8944,0.1056
brightness,2,calibrated,0.8,0.782,0.8591,0.1409
brightness,2,calibrated,0.9,0.8856,0.818,0.182
brightness,2,calibrated,0.95,0.9445,0.792,0.208
brightness,2,raw,0.7,0.6807,0.8938,0.1062
brightness,2,raw,0.8,0.7819,0.8603,0.1397
brightness,2,raw,0.9,0.886,0.8177,0.1823
brightness,2,raw,0.95,0.9431,0.7927,0.2073
brightness,3,calibrated,0.7,0.643,0.8712,0.1288
brightness,3,calibrated,0.8,0.7539,0.8314,0.1686
brightness,3,calibrated,0.9,0.8631,0.7911,0.2089
brightness,3,calibrated,0.95,0.9329,0.7625,0.2375
brightness,3,raw,0.7,0.6454,0.87,0.13
brightness,3,raw,0.8,0.7543,0.8315,0.1685
brightness,3,raw,0.9,0.8649,0.7899,0.2101
brightness,3,raw,0.95,0.9318,0.763,0.237
brightness,4,calibrated,0.7,0.6038,0.8451,0.1549
brightness,4,calibrated,0.8,0.7163,0.8002,0.1998
brightness,4,calibrated,0.9,0.839,0.7557,0.2443
brightness,4,calibrated,0.95,0.9151,0.7282,0.2718
brightness,4,raw,0.7,0.606,0.8447,0.1553
brightness,4,raw,0.8,0.7195,0.799,0.201
brightness,4,raw,0.9,0.8407,0.7554,0.2446
brightness,4,raw,0.95,0.9143,0.7288,0.2712
clean,0,calibrated,0.7,0.7059,0.9218,0.0782
clean,0,calibrated,0.8,0.8024,0.8896,0.1104
clean,0,calibrated,0.9,0.901,0.8466,0.1534
clean,0,calibrated,0.95,0.9538,0.8228,0.1772
clean,0,raw,0.7,0.7071,0.9217,0.0783
clean,0,raw,0.8,0.8036,0.8883,0.1117
clean,0,raw,0.9,0.9002,0.8469,0.1531
clean,0,raw,0.95,0.9524,0.8237,0.1763
noise,1,calibrated,0.7,0.6747,0.9114,0.0886
noise,1,calibrated,0.8,0.7799,0.8704,0.1296
noise,1,calibrated,0.9,0.8886,0.8314,0.1686
noise,1,calibrated,0.95,0.9491,0.804,0.196
noise,1,raw,0.7,0.676,0.9112,0.0888
noise,1,raw,0.8,0.7803,0.87,0.13
noise,1,raw,0.9,0.8891,0.8301,0.1699
noise,1,raw,0.95,0.9472,0.8053,0.1947
noise,2,calibrated,0.7,0.5984,0.7809,0.2191
noise,2,calibrated,0.8,0.7207,0.7371,0.2629
noise,2,calibrated,0.9,0.8591,0.6854,0.3146
noise,2,calibrated,0.95,0.9397,0.6562,0.3438
noise,2,raw,0.7,0.601,0.78,0.22
noise,2,raw,0.8,0.7227,0.7363,0.2637
noise,2,raw,0.9,0.8591,0.6851,0.3149
noise,2,raw,0.95,0.9374,0.657,0.343
noise,3,calibrated,0.7,0.573,0.551,0.449
noise,3,calibrated,0.8,0.7075,0.5152,0.4848
noise,3,calibrated,0.9,0.857,0.4831,0.5169
noise,3,calibrated,0.95,0.9394,0.4687,0.5313
noise,3,raw,0.7,0.5751,0.5509,0.4491
noise,3,raw,0.8,0.7069,0.5146,0.4854
noise,3,raw,0.9,0.8568,0.4832,0.5168
noise,3,raw,0.95,0.9364,0.4694,0.5306
noise,4,calibrated,0.7,0.6114,0.3188,0.6812
noise,4,calibrated,0.8,0.7368,0.3066,0.6934
noise,4,calibrated,0.9,0.866,0.299,0.701
noise,4,calibrated,0.95,0.9408,0.2939,0.7061
noise,4,raw,0.7,0.6155,0.3168,0.6832
noise,4,raw,0.8,0.7414,0.3063,0.6937
noise,4,raw,0.9,0.8676,0.2988,0.7012
noise,4,raw,0.95,0.9396,0.2941,0.7059
rotation,1,calibrated,0.7,0.6056,0.9051,0.0949
rotation,1,calibrated,0.8,0.7359,0.8566,0.1434
rotation,1,calibrated,0.9,0.8623,0.8042,0.1958
rotation,1,calibrated,0.95,0.9387,0.7729,0.2271
rotation,1,raw,0.7,0.6091,0.9048,0.0952
rotation,1,raw,0.8,0.7373,0.857,0.143
rotation,1,raw,0.9,0.8629,0.8046,0.1954
rotation,1,raw,0.95,0.9377,0.7734,0.2266
rotation,2,calibrated,0.7,0.5292,0.9025,0.0975
rotation,2,calibrated,0.8,0.6602,0.8455,0.1545
rotation,2,calibrated,0.9,0.8148,0.7857,0.2143
rotation,2,calibrated,0.95,0.9076,0.7471,0.2529
rotation,2,raw,0.7,0.5308,0.9024,0.0976
rotation,2,raw,0.8,0.6638,0.8444,0.1556
rotation,2,raw,0.9,0.8156,0.7854,0.2146
rotation,2,raw,0.95,0.9059,0.7482,0.2518
rotation,3,calibrated,0.7,0.3742,0.8373,0.1627
rotation,3,calibrated,0.8,0.5188,0.7672,0.2328
rotation,3,calibrated,0.9,0.6897,0.6907,0.3093
rotation,3,calibrated,0.95,0.8319,0.6346,0.3654
rotation,3,raw,0.7,0.3791,0.8359,0.1641
rotation,3,raw,0.8,0.5225,0.7663,0.2337
rotation,3,raw,0.9,0.6945,0.6893,0.3107
rotation,3,raw,0.95,0.8303,0.6351,0.3649
rotation,4,calibrated,0.7,0.2865,0.5054,0.4946
rotation,4,calibrated,0.8,0.4375,0.4407,0.5593
rotation,4,calibrated,0.9,0.6333,0.3823,0.6177
rotation,4,calibrated,0.95,0.7942,0.3415,0.6585
rotation,4,raw,0.7,0.2922,0.5034,0.4966
rotation,4,raw,0.8,0.4464,0.4359,0.5641
rotation,4,raw,0.9,0.6384,0.3808,0.6192
rotation,4,raw,0.95,0.7943,0.3416,0.6584
